participant_id	age	sex	descriptive_SOZ	SOZ_laterality	SOZ_region	SOZ	TimeFromSleepOnset	SleepScoring	recorded_regions
sub-01	35	M		Right	Temporal + insula	right temporal pole + anterior insula	59.0	N1,N1,N1,N1,N1,N1	Hippocampus, Amygdala
sub-02	39	M		Bilateral	Temporal + insula	Right temporal and Left insula	13.0	N2,N2,N2,N2,N2,N2	Hippocampus, Amygdala, Entorhinal cortex, Parahippocampal gyrus
sub-03	29	M		Right	Frontal	Right frontal	25	N2,N2,N2,N2,N2,N2	Hippocampus, Amygdala
sub-04	17	M		Right	Temporal	Right superior temporal Gyrus	13	N1,N1,N1,N2,N2,N2	Amygdala
sub-05	46	F		Bilateral	Temporal	Bilateral temporal	106	N2,N2,N2,N2,N2,N2	Hippocampus, Amygdala, Parahippocampal gyrus
sub-06	28	M		Left	Parietal	Left posterior cingulate	110	N2,N2,N2,N2,N2,N2	Hippocampus, Amygdala, Parahippocampal gyrus
sub-07	42	M		Left	Insula	Left anterior insula	2	N1,N1,N1,N2,N2,N2	Hippocampus, Amygdala, Entorhinal cortex, Parahippocampal gyrus
sub-08	25	F		Bilateral	Temporal	Bilateral temporal		N2,N2,N2,N2,N2,N2	Hippocampus, Entorhinal cortex, Parahippocampal gyrus
sub-09	28	F		Left	Temporal + insula	Left mesial temporal and left posterior insula		N2,R,N2,N2,R,R	Hippocampus, Amygdala
sub-10	27	M		Left	Temporal	Left temporal	15	N2,N2,N2,N2,N2,N2,N2	Hippocampus, Amygdala, Entorhinal cortex
sub-11	41	F		Bilateral	Temporal	Left temporal spreading to right entorhinal cortex	5	N1,N1,N2,N2,N2,N2,N2	Hippocampus, Amygdala, Entorhinal cortex
sub-12	25	F		Bilateral	Temporal	Bilateral medial temporal lobe	5	N2,N2,N2,N2,N2,N3,N2,N3	Hippocampus, Amygdala, Entorhinal cortex
sub-13	33	F		Left	Temporal	Left medial temporal lobe	105	N1,N1,N2,N2,N2,N2,N2	Hippocampus, Amygdala
sub-14	39	M		Left	Temporal	Left medial temporal lobe	40	N2,N2,N2,N2,N2,N2,N2	Hippocampus, Amygdala, Entorhinal cortex
sub-15	26	M		Bilateral	Fronto-temporal	Bilateral medial temporal lobe and right inferior frontal gyrus	126	N3,N3,N2,N2,N3,N3,N3	Hippocampus, Amygdala, Entorhinal cortex
sub-16	23	F		Right	Fronto-temporal	Broad right frontotemporal onset	49.0		Hippocampus, Amygdala, Parahippocampal gyrus, Frontal lobe, insula
sub-17	33	F		Left	Temporal	Left mesial temporal lobe	11.0		Hippocampus, Amygdala, Entorhinal cortex, Parahippocampal gyrus, Frontal lobe, Lateral temporal
sub-18	47	F		Left	Temporal	Left inferior temporal gyrus	115.0		Hippocampus, Amygdala, Entorhinal cortex, Parahippocampal gyrus, Frontal lobe, Lateral temporal, insula
sub-19	36	M		Right	Temporo-occipital	R temporo-occipital	27.0		Hippocampus, Lateral temporal, Occipital lobe
sub-20	34	F		Bilateral	Temporal	Bilateral temporal	14.0		Hippocampus, Amygdala, Entorhinal cortex, Parahippocampal gyrus, Frontal lobe
sub-21	29	F		Bilateral	Temporal	Bilateral temporal (R>L)	32.0		Hippocampus, Amygdala, Entorhinal cortex, Parahippocampal gyrus, Frontal lobe
sub-22	44	M		Right	Fronto-parietal + insula	Broad Right frontal and parietal lobes, and Right insula	2.0		Hippocampus, Amygdala, Entorhinal cortex, Frontal lobe, Lateral temporal, insula
sub-23	32	M		Bilateral	Temporal	Bilateral mesial temporal lobe			Hippocampus, Entorhinal cortex, Frontal lobe
sub-24	22	F		Left	Temporal	Mesial Left superior temporal gyrus, mesial Left heschl's gyrus	54.0		Hippocampus, Amygdala, Frontal lobe, Lateral temporal, insula
sub-25	19	M		Left	Frontal	Left frontal (heterotopia)	1.0		Hippocampus, Entorhinal cortex, Parahippocampal gyrus, Frontal lobe, Lateral temporal, insula
